{"accuracy": 0.8126330731014905, "_timestamp": 1686154707.8944387, "_runtime": 0.766075849533081, "_step": 0, "_wandb": {"runtime": 0}}