{"loss": "06-06-2023 20:33:46", "accuracy": 0.7819905213270142, "_timestamp": 1686076426.6759207, "_runtime": 51.69794583320618, "_step": 0, "_wandb": {"runtime": 50}}