{"accuracy": 0.8126330731014905, "_timestamp": 1686155550.3992753, "_runtime": 0.6742823123931885, "_step": 0, "_wandb": {"runtime": 0}}