{"accuracy": 0.794180269694819, "_timestamp": 1686155211.572342, "_runtime": 0.6325390338897705, "_step": 0, "_wandb": {"runtime": 0}}