{"accuracy": 0.7274662881476224, "_timestamp": 1686155260.8171444, "_runtime": 1.1178734302520752, "_step": 0, "_wandb": {"runtime": 0}}