{"loss": "06-06-2023 19:57:12", "accuracy": 0.7819905213270142, "_timestamp": 1686074232.299495, "_runtime": 1.3942179679870605, "_step": 0, "_wandb": {"runtime": 0}}