{"accuracy": 0.8126330731014905, "_timestamp": 1686154783.7222252, "_runtime": 0.6509852409362793, "_step": 0, "_wandb": {"runtime": 0}}