{"accuracy": 0.7274662881476224, "_timestamp": 1686154546.2698236, "_runtime": 0.869579553604126, "_step": 0, "_wandb": {"runtime": 0}}