{"accuracy": 0.7274662881476224, "_timestamp": 1686156651.2083838, "_runtime": 31.60309672355652, "_step": 3, "model": "RandomForestClassifier(random_state=42)", "Best Parameters": {"max_depth": 10, "n_estimators": 200}, "Best Score": 0.7990759667833462, "_wandb": {"runtime": 31}}