{"acc": 0.9012296671467271, "loss": 0.05116723642471435, "_timestamp": 1686073103.9776528, "_runtime": 1.3266336917877197, "_step": 7, "_wandb": {"runtime": 0}}