{"accuracy": 0.8126330731014905, "_timestamp": 1686154319.1553524, "_runtime": 0.7075343132019043, "_step": 0, "_wandb": {"runtime": 0}}