{"accuracy": 0.8126330731014905, "_timestamp": 1686154858.1796517, "_runtime": 0.6939756870269775, "_step": 0, "_wandb": {"runtime": 0}}