{"accuracy": 0.7274662881476224, "_timestamp": 1686154191.247262, "_runtime": 0.9755339622497559, "_step": 0, "_wandb": {"runtime": 0}}