{"accuracy": 0.8126330731014905, "_timestamp": 1686154440.1790557, "_runtime": 0.646676778793335, "_step": 0, "_wandb": {"runtime": 0}}