{"accuracy": 0.8126330731014905, "_timestamp": 1686154183.58411, "_runtime": 0.6794779300689697, "_step": 0, "_wandb": {"runtime": 0}}