{"accuracy": 0.794180269694819, "_timestamp": 1686155507.6410384, "_runtime": 0.7201704978942871, "_step": 0, "_wandb": {"runtime": 0}}