{"accuracy": 0.7274662881476224, "_timestamp": 1686155556.110284, "_runtime": 1.1079821586608887, "_step": 0, "_wandb": {"runtime": 0}}