{"loss": "06-06-2023 20:22:03", "accuracy": 0.7819905213270142, "_timestamp": 1686075723.22222, "_runtime": 51.64206099510193, "_step": 0, "_wandb": {"runtime": 50}}