{"accuracy": 0.8126330731014905, "_timestamp": 1686155254.9837644, "_runtime": 0.6035025119781494, "_step": 0, "_wandb": {"runtime": 0}}