{"accuracy": 0.7274662881476224, "_timestamp": 1686154863.9047022, "_runtime": 0.9795002937316895, "_step": 0, "_wandb": {"runtime": 0}}