{"accuracy": 0.794180269694819, "_timestamp": 1686156593.1794415, "_runtime": 0.6982684135437012, "_step": 0, "_wandb": {"runtime": 20}}