{"accuracy": 0.8126330731014905, "_timestamp": 1686154540.5638797, "_runtime": 0.6799936294555664, "_step": 0, "_wandb": {"runtime": 0}}